{
  "id": "doitintl-bigquery-datasource",
  "type": "datasource",
  "name": "Google BigQuery",
  "metrics": true,
  "tables": true,
  "annotations": true,
  "alerting": true,
  "backend": true,
  "executable": "doitintl-bigquery-datasource",
  "dependencies": {
    "grafanaDependency": "7.x.x"
  },
  "queryOptions": {
    "maxDataPoints": true
  },

  "info": {
    "description": "Google BigQuery datasource for Grafana",
    "author": {
      "name": "DoiT International",
      "url": "https://www.doit-intl.com/"
    },
    "keywords": ["bigquery"],
    "logos": {
      "small": "img/logo.png",
      "large": "img/logo.png"
    },
    "links": [
      { "name": "GitHub", "url": "https://github.com/doitintl/bigquery-grafana" },
      { "name": "MIT License", "url": "https://github.com/doitintl/bigquery-grafana/blob/master/LICENSE.md" }
    ],
    "updated": "2020-12-16",
    "screenshots": [{"name": "Query builder", "path":"img/QueryBuilder.png"}],
    "version": "2.0.1"
  },
  "routes": [
    {
      "path": "bigquery",
      "url": "https://www.googleapis.com/bigquery",
      "jwtTokenAuth": {
        "scopes": ["https://www.googleapis.com/auth/bigquery", "https://www.googleapis.com/auth/drive"],
        "params": {
          "token_uri": "{{.JsonData.tokenUri}}",
          "client_email": "{{.JsonData.clientEmail}}",
          "private_key": "{{.SecureJsonData.privateKey}}"
        }
      }
    }
  ]
}
